row_id,hash,window,pretag,kind,agent
R0001,9c27fbc712fa,AI window (Nov 2025 - Oct 2026),FP_FEATURE?,self-admitted,
R0002,63063eb9c70b,AI window (Nov 2025 - Oct 2026),,self-admitted,
R0003,c9aa05fd8029,AI window (Nov 2025 - Oct 2026),,self-admitted,
R0004,2449aaccea37,AI window (Nov 2025 - Oct 2026),,self-admitted,
R0005,cfd1fb2f3a70,AI window (Nov 2025 - Oct 2026),,self-admitted,
R0006,448bb1115f85,AI window (Nov 2025 - Oct 2026),,self-admitted,
R0007,f34496d6cb45,Human window (Nov 2024 - Oct 2025),,self-admitted,
R0008,036ee078e00b,AI window (Nov 2025 - Oct 2026),,self-admitted,
R0009,cb93ea76369b,AI window (Nov 2025 - Oct 2026),,self-admitted,
R0010,cad7d4b67338,Human window (Nov 2024 - Oct 2025),,self-admitted,
R0011,c67d8c9c9ce3,Human window (Nov 2024 - Oct 2025),,self-admitted,
R0012,f4ac9c767965,AI window (Nov 2025 - Oct 2026),,self-admitted,
R0013,cad733827969,AI window (Nov 2025 - Oct 2026),,self-admitted,
R0014,f5c06603c292,AI window (Nov 2025 - Oct 2026),,self-admitted,
R0015,cce52e7d64e9,AI window (Nov 2025 - Oct 2026),,self-admitted,
R0016,6534e760b47f,Human window (Nov 2024 - Oct 2025),FP_FEATURE?,self-admitted,
R0017,efe5e081b4ec,AI window (Nov 2025 - Oct 2026),,self-admitted,
R0018,75f3480a4619,AI window (Nov 2025 - Oct 2026),FP_FEATURE?,self-admitted,
R0019,5ce09d7446f4,AI window (Nov 2025 - Oct 2026),,self-admitted,
R0020,416182a3b5d9,AI window (Nov 2025 - Oct 2026),,self-admitted,
R0021,2ea07653ea69,AI window (Nov 2025 - Oct 2026),,self-admitted,
R0022,db00574eaed9,AI window (Nov 2025 - Oct 2026),,self-admitted,
R0023,5ea4fa9b40c0,AI window (Nov 2025 - Oct 2026),,self-admitted,
R0024,3ab010d77903,AI window (Nov 2025 - Oct 2026),,self-admitted,
R0025,51dd7eb076e0,Human window (Nov 2024 - Oct 2025),,self-admitted,
R0026,b9b4aa5db35a,Human window (Nov 2024 - Oct 2025),,self-admitted,
R0027,62a4a5d638f3,AI window (Nov 2025 - Oct 2026),,self-admitted,
R0028,bec09b762c6b,AI window (Nov 2025 - Oct 2026),,self-admitted,
R0029,f69e73edb199,Human window (Nov 2024 - Oct 2025),FP_FEATURE?,self-admitted,
R0030,6bd912ff9f6e,Human window (Nov 2024 - Oct 2025),FP_FEATURE?,self-admitted,
R0031,7553d106d048,AI window (Nov 2025 - Oct 2026),,self-admitted,
R0032,c70e845d0eff,AI window (Nov 2025 - Oct 2026),,self-admitted,
R0033,224bcf2be220,Human window (Nov 2024 - Oct 2025),,self-admitted,
R0034,efd40ebb904d,AI window (Nov 2025 - Oct 2026),,self-admitted,
R0035,b52ae7ca257e,AI window (Nov 2025 - Oct 2026),FP_FEATURE?,self-admitted,
R0036,28e3caf8b08b,Human window (Nov 2024 - Oct 2025),,self-admitted,
R0037,e1175acac72d,AI window (Nov 2025 - Oct 2026),,self-admitted,
R0038,872d21a7074d,AI window (Nov 2025 - Oct 2026),,self-admitted,
R0039,89f7e0c88faf,Human window (Nov 2024 - Oct 2025),,self-admitted,
R0040,c7464169c3c3,AI window (Nov 2025 - Oct 2026),,self-admitted,
R0041,99e34a1b2e8b,Human window (Nov 2024 - Oct 2025),FP_FEATURE?,self-admitted,
R0042,f9b8523a4334,AI window (Nov 2025 - Oct 2026),,self-admitted,
R0043,552d2eb44338,AI window (Nov 2025 - Oct 2026),,self-admitted,
R0044,e7a16677e845,Human window (Nov 2024 - Oct 2025),,self-admitted,
R0045,3aa222d1ad14,AI window (Nov 2025 - Oct 2026),,self-admitted,
R0046,18b5a3b0bfb4,AI window (Nov 2025 - Oct 2026),,self-admitted,
R0047,d765ab71061c,AI window (Nov 2025 - Oct 2026),,self-admitted,
R0048,0a5ce11727d9,Human window (Nov 2024 - Oct 2025),FP_FEATURE?,self-admitted,
R0049,dc0bff8eafbe,AI window (Nov 2025 - Oct 2026),,self-admitted,
R0050,81a31dddc95e,AI window (Nov 2025 - Oct 2026),,self-admitted,
R0051,f2766c769b3f,Human window (Nov 2024 - Oct 2025),FP_FEATURE?,self-admitted,
R0052,b70d3d1e067c,AI window (Nov 2025 - Oct 2026),FP_FEATURE?,self-admitted,
R0053,abbeff4fd9e0,AI window (Nov 2025 - Oct 2026),,self-admitted,
R0054,baddd3bb9b37,AI window (Nov 2025 - Oct 2026),,self-admitted,
R0055,fce9ba1bc53e,Human window (Nov 2024 - Oct 2025),,self-admitted,
R0056,10eca827d589,Human window (Nov 2024 - Oct 2025),FP_FEATURE?,self-admitted,
R0057,a9d97f006fbc,AI window (Nov 2025 - Oct 2026),,self-admitted,
R0058,c51090b13586,AI window (Nov 2025 - Oct 2026),,self-admitted,
R0059,3ae1f6cbf378,Human window (Nov 2024 - Oct 2025),,self-admitted,
R0060,93cde90b69b9,AI window (Nov 2025 - Oct 2026),,self-admitted,
R0061,e437ba01c9a4,AI window (Nov 2025 - Oct 2026),,self-admitted,
R0062,64cacb8d07a5,AI window (Nov 2025 - Oct 2026),,self-admitted,
R0063,59fc8f953803,AI window (Nov 2025 - Oct 2026),,self-admitted,
R0064,d387f5c68c62,AI window (Nov 2025 - Oct 2026),,self-admitted,
R0065,4443f3dda597,AI window (Nov 2025 - Oct 2026),,self-admitted,
R0066,33c904822e79,Human window (Nov 2024 - Oct 2025),FP_FEATURE?,self-admitted,
R0067,cd88123fdece,AI window (Nov 2025 - Oct 2026),FP_FEATURE?,self-admitted,
R0068,2c558f13263b,AI window (Nov 2025 - Oct 2026),,self-admitted,
R0069,5a6f848c3883,Human window (Nov 2024 - Oct 2025),,self-admitted,
R0070,3d1016e2dff1,AI window (Nov 2025 - Oct 2026),,self-admitted,
R0071,3bb4ee67577f,AI window (Nov 2025 - Oct 2026),FP_FEATURE?,self-admitted,
R0072,56eaa2dbf1ff,Human window (Nov 2024 - Oct 2025),,self-admitted,
R0073,d6f01f6e9282,AI window (Nov 2025 - Oct 2026),,self-admitted,
R0074,a6562e16d0c8,Human window (Nov 2024 - Oct 2025),FP_FEATURE?,self-admitted,
R0075,d5bae296c2f3,Human window (Nov 2024 - Oct 2025),,self-admitted,
R0076,63b4ab7524af,Human window (Nov 2024 - Oct 2025),,self-admitted,
R0077,16b346576d40,Human window (Nov 2024 - Oct 2025),,self-admitted,
R0078,9786bbf2abd4,Human window (Nov 2024 - Oct 2025),,self-admitted,
R0079,be397f8f0aca,AI window (Nov 2025 - Oct 2026),,self-admitted,
R0080,c1ea0903443b,AI window (Nov 2025 - Oct 2026),,self-admitted,
R0081,30235bb83da7,Human window (Nov 2024 - Oct 2025),,self-admitted,
R0082,a3092f2cc52e,AI window (Nov 2025 - Oct 2026),,self-admitted,
R0083,61ec2a2b014b,AI window (Nov 2025 - Oct 2026),,self-admitted,
R0084,edbb6201430f,AI window (Nov 2025 - Oct 2026),,self-admitted,
R0085,f91bd6cd3301,AI window (Nov 2025 - Oct 2026),,self-admitted,
R0086,226ac219c0f5,AI window (Nov 2025 - Oct 2026),,self-admitted,
R0087,c2f1c1e75f22,AI window (Nov 2025 - Oct 2026),,self-admitted,
R0088,702c391f4f72,Human window (Nov 2024 - Oct 2025),FP_FEATURE?,self-admitted,
R0089,2aa5871b9684,AI window (Nov 2025 - Oct 2026),,self-admitted,
R0090,7094193e4867,AI window (Nov 2025 - Oct 2026),,self-admitted,
R0091,f671cd94b575,Human window (Nov 2024 - Oct 2025),,self-admitted,
R0092,8831f0635884,Human window (Nov 2024 - Oct 2025),,self-admitted,
R0093,bd16379fe164,AI window (Nov 2025 - Oct 2026),FP_FEATURE?,self-admitted,
R0094,3789074e335c,AI window (Nov 2025 - Oct 2026),,self-admitted,
R0095,d4071f36c4f1,AI window (Nov 2025 - Oct 2026),FP_FEATURE?,self-admitted,
R0096,442fc516e7ba,AI window (Nov 2025 - Oct 2026),FP_FEATURE?,self-admitted,
R0097,75c24049422d,AI window (Nov 2025 - Oct 2026),,self-admitted,
R0098,4db9d5a16e5c,Human window (Nov 2024 - Oct 2025),,self-admitted,
R0099,843fc1fc8a0c,Human window (Nov 2024 - Oct 2025),,self-admitted,
R0100,a635eccfc20c,AI window (Nov 2025 - Oct 2026),FP_FEATURE?,self-admitted,
R0101,a66c86e1212b,Human window (Nov 2024 - Oct 2025),FP_FEATURE?,self-admitted,
R0102,57a92c8a33c4,AI window (Nov 2025 - Oct 2026),,self-admitted,
R0103,45e5e078f302,AI window (Nov 2025 - Oct 2026),,self-admitted,
R0104,2ea28e8985b1,AI window (Nov 2025 - Oct 2026),,self-admitted,
R0105,a029d7dd07f6,AI window (Nov 2025 - Oct 2026),,self-admitted,
R0106,aa82f6a74841,AI window (Nov 2025 - Oct 2026),,self-admitted,
R0107,39ac7f88fa5d,AI window (Nov 2025 - Oct 2026),,self-admitted,
R0108,d69796bf8b22,Human window (Nov 2024 - Oct 2025),,self-admitted,
R0109,ed3a91e4fa21,Human window (Nov 2024 - Oct 2025),FP_FEATURE?,self-admitted,
R0110,faefa688c719,AI window (Nov 2025 - Oct 2026),,self-admitted,
R0111,7c6c0b50593e,AI window (Nov 2025 - Oct 2026),,self-admitted,
R0112,345b63016760,AI window (Nov 2025 - Oct 2026),,self-admitted,
R0113,33f54433f0e3,AI window (Nov 2025 - Oct 2026),,self-admitted,
R0114,983c6255e519,AI window (Nov 2025 - Oct 2026),,self-admitted,
R0115,ebd6e303f19d,AI window (Nov 2025 - Oct 2026),,self-admitted,
R0116,3e87324fc356,AI window (Nov 2025 - Oct 2026),,self-admitted,
R0117,ca6c4826d49f,AI window (Nov 2025 - Oct 2026),,self-admitted,
R0118,ac347d12fa50,Human window (Nov 2024 - Oct 2025),FP_NOISE?,self-admitted,
R0119,b9b7a983b007,Human window (Nov 2024 - Oct 2025),,self-admitted,
R0120,e33ac8a34a80,AI window (Nov 2025 - Oct 2026),,self-admitted,
R0121,6620dfb93ace,AI window (Nov 2025 - Oct 2026),,self-admitted,
R0122,c79be0bb4092,AI window (Nov 2025 - Oct 2026),,self-admitted,
R0123,4bc2a6f14ab9,AI window (Nov 2025 - Oct 2026),,self-admitted,
R0124,2b38cf819ffa,AI window (Nov 2025 - Oct 2026),,self-admitted,
R0125,69ede3944a9f,AI window (Nov 2025 - Oct 2026),FP_FEATURE?,self-admitted,
R0126,dab5aa381c33,Human window (Nov 2024 - Oct 2025),,self-admitted,
R0127,74bdd271ab52,AI window (Nov 2025 - Oct 2026),FP_FEATURE?,self-admitted,
R0128,8d6389527b1e,AI window (Nov 2025 - Oct 2026),FP_FEATURE?,self-admitted,
R0129,38d1af4afc58,AI window (Nov 2025 - Oct 2026),,self-admitted,
R0130,38230442eb92,AI window (Nov 2025 - Oct 2026),,self-admitted,
R0131,d8476e67be59,AI window (Nov 2025 - Oct 2026),,self-admitted,
R0132,131dfcaa10ef,AI window (Nov 2025 - Oct 2026),,self-admitted,
R0133,571e8671acb4,AI window (Nov 2025 - Oct 2026),,self-admitted,
R0134,158799bed47b,Human window (Nov 2024 - Oct 2025),,self-admitted,
R0135,fef3c421de06,Human window (Nov 2024 - Oct 2025),,self-admitted,
R0136,a79d5a877e90,AI window (Nov 2025 - Oct 2026),,self-admitted,
R0137,23eb1407b76e,Human window (Nov 2024 - Oct 2025),,self-admitted,
R0138,9480e6363450,AI window (Nov 2025 - Oct 2026),,self-admitted,
R0139,393a36b46436,AI window (Nov 2025 - Oct 2026),,self-admitted,
R0140,6959fadff3b9,AI window (Nov 2025 - Oct 2026),FP_FEATURE?,self-admitted,
R0141,26c1fbc82638,AI window (Nov 2025 - Oct 2026),,self-admitted,
R0142,a3e003193f38,AI window (Nov 2025 - Oct 2026),,self-admitted,
R0143,b5876f836ace,Human window (Nov 2024 - Oct 2025),FP_NOISE?,self-admitted,
R0144,a25565715420,AI window (Nov 2025 - Oct 2026),,self-admitted,
R0145,666f66091301,AI window (Nov 2025 - Oct 2026),,self-admitted,
R0146,2419e5fa3b50,AI window (Nov 2025 - Oct 2026),,self-admitted,
R0147,c72cf2e6da5d,AI window (Nov 2025 - Oct 2026),,self-admitted,
R0148,8262e23b12cc,Human window (Nov 2024 - Oct 2025),,self-admitted,
R0149,7a64f6154852,AI window (Nov 2025 - Oct 2026),,self-admitted,
R0150,01e82bdd1606,AI window (Nov 2025 - Oct 2026),,self-admitted,
R0151,147b809163c6,Human window (Nov 2024 - Oct 2025),,self-admitted,
R0152,5a47dd23f8ec,AI window (Nov 2025 - Oct 2026),,self-admitted,
R0153,ae35529fabc6,AI window (Nov 2025 - Oct 2026),,self-admitted,
R0154,ba31a8692d8a,AI window (Nov 2025 - Oct 2026),,self-admitted,
R0155,7f05a3ef15ee,AI window (Nov 2025 - Oct 2026),,self-admitted,
R0156,d9f6b023c3f6,Human window (Nov 2024 - Oct 2025),,self-admitted,
R0157,9c164966b49f,AI window (Nov 2025 - Oct 2026),,self-admitted,
R0158,a63b3f8766c5,Human window (Nov 2024 - Oct 2025),,self-admitted,
R0159,11af71715ddd,AI window (Nov 2025 - Oct 2026),,self-admitted,
R0160,3bf3fc2075a5,Human window (Nov 2024 - Oct 2025),,self-admitted,
R0161,2ca32567c024,Human window (Nov 2024 - Oct 2025),,self-admitted,
R0162,2fe6aa747314,AI window (Nov 2025 - Oct 2026),,self-admitted,
R0163,ee59e970cbd4,AI window (Nov 2025 - Oct 2026),,self-admitted,
R0164,a2ce5437cef5,AI window (Nov 2025 - Oct 2026),,self-admitted,
R0165,6fb3e56ba6a2,Human window (Nov 2024 - Oct 2025),,self-admitted,
R0166,523f6050c278,AI window (Nov 2025 - Oct 2026),,self-admitted,
R0167,fb46e0bc4ba8,AI window (Nov 2025 - Oct 2026),,self-admitted,
R0168,1c2377269128,Human window (Nov 2024 - Oct 2025),,self-admitted,
R0169,433795d7a725,AI window (Nov 2025 - Oct 2026),,self-admitted,
R0170,5d267f7111a1,Human window (Nov 2024 - Oct 2025),,self-admitted,
R0171,8d11299fc21e,AI window (Nov 2025 - Oct 2026),,self-admitted,
R0172,6ca23a1c43df,Human window (Nov 2024 - Oct 2025),,self-admitted,
R0173,3ebe23ad6824,Human window (Nov 2024 - Oct 2025),,self-admitted,
R0174,2cb675286037,AI window (Nov 2025 - Oct 2026),,self-admitted,
R0175,86aaad91bb2f,AI window (Nov 2025 - Oct 2026),FP_FEATURE?,self-admitted,
R0176,4977228f2c7b,AI window (Nov 2025 - Oct 2026),,self-admitted,
R0177,606997d236d2,AI window (Nov 2025 - Oct 2026),,self-admitted,
R0178,0a86112a11d2,AI window (Nov 2025 - Oct 2026),,self-admitted,
R0179,09c5ab87cb0d,Human window (Nov 2024 - Oct 2025),,self-admitted,
R0180,eeb9083f1ac7,Human window (Nov 2024 - Oct 2025),FP_FEATURE?,self-admitted,
R0181,5c50fd2245e5,Human window (Nov 2024 - Oct 2025),,self-admitted,
R0182,15b15b61aac4,AI window (Nov 2025 - Oct 2026),,self-admitted,
R0183,43ac81c4de8e,Human window (Nov 2024 - Oct 2025),,self-admitted,
R0184,3ed41cddc5dc,AI window (Nov 2025 - Oct 2026),,self-admitted,
R0185,6bcd9a5efa17,Human window (Nov 2024 - Oct 2025),,self-admitted,
R0186,cb932b884bb5,Human window (Nov 2024 - Oct 2025),,self-admitted,
R0187,1cecdf41cf27,Human window (Nov 2024 - Oct 2025),,self-admitted,
R0188,736aabff2169,Human window (Nov 2024 - Oct 2025),FP_FEATURE?,self-admitted,
R0189,64195ad89619,Human window (Nov 2024 - Oct 2025),,self-admitted,
R0190,86dd616ad44b,AI window (Nov 2025 - Oct 2026),,self-admitted,
R0191,2e85e48e7ada,AI window (Nov 2025 - Oct 2026),,self-admitted,
R0192,3ddeff403ebc,AI window (Nov 2025 - Oct 2026),,self-admitted,
R0193,68aef17bf119,AI window (Nov 2025 - Oct 2026),,self-admitted,
R0194,f16048428dca,AI window (Nov 2025 - Oct 2026),,self-admitted,
R0195,62b1ca8d057b,AI window (Nov 2025 - Oct 2026),,self-admitted,
R0196,2afb5a9201bd,AI window (Nov 2025 - Oct 2026),,self-admitted,
R0197,0f6803d448c7,AI window (Nov 2025 - Oct 2026),FP_FEATURE?,self-admitted,
R0198,4a9c37e9950f,AI window (Nov 2025 - Oct 2026),,self-admitted,
R0199,f297ecf8d64f,AI window (Nov 2025 - Oct 2026),,self-admitted,
R0200,c1a2ceb0deaf,AI window (Nov 2025 - Oct 2026),,self-admitted,
R0201,02d691fdefd6,AI window (Nov 2025 - Oct 2026),,self-admitted,
R0202,8a5d66756be1,AI window (Nov 2025 - Oct 2026),,self-admitted,
R0203,ad61492d2b47,AI window (Nov 2025 - Oct 2026),,self-admitted,
R0204,ac1d3ddc7a5e,AI window (Nov 2025 - Oct 2026),,self-admitted,
R0205,f9fcb4d03b77,Human window (Nov 2024 - Oct 2025),FP_FEATURE?,self-admitted,
R0206,58a0918eb006,AI window (Nov 2025 - Oct 2026),,self-admitted,
R0207,7cec6d9c1c56,AI window (Nov 2025 - Oct 2026),,self-admitted,
R0208,2e5176fd034d,AI window (Nov 2025 - Oct 2026),,self-admitted,
R0209,ed16025b05c6,AI window (Nov 2025 - Oct 2026),,self-admitted,
R0210,e7e22edc70b3,Human window (Nov 2024 - Oct 2025),,self-admitted,
R0211,caad6c2be870,AI window (Nov 2025 - Oct 2026),FP_FEATURE?,self-admitted,
R0212,655f079fa58b,AI window (Nov 2025 - Oct 2026),,self-admitted,
R0213,aed139d26acb,AI window (Nov 2025 - Oct 2026),,self-admitted,
R0214,c0ca49e2b3c8,AI window (Nov 2025 - Oct 2026),,self-admitted,
R0215,5f32cced135f,Human window (Nov 2024 - Oct 2025),FP_FEATURE?,self-admitted,
R0216,e487b53ef2b6,Human window (Nov 2024 - Oct 2025),,self-admitted,
R0217,be596da7d686,AI window (Nov 2025 - Oct 2026),,self-admitted,
R0218,7b437158c241,AI window (Nov 2025 - Oct 2026),,self-admitted,
R0219,45958e300033,Human window (Nov 2024 - Oct 2025),,self-admitted,
R0220,238273dd6125,AI window (Nov 2025 - Oct 2026),,self-admitted,
R0221,1e646d58817d,AI window (Nov 2025 - Oct 2026),,self-admitted,
R0222,a0750df49a52,AI window (Nov 2025 - Oct 2026),,self-admitted,
R0223,861e45d29b90,AI window (Nov 2025 - Oct 2026),,self-admitted,
R0224,0ee4531a8ee4,AI window (Nov 2025 - Oct 2026),,self-admitted,
R0225,07e610166ebf,AI window (Nov 2025 - Oct 2026),,self-admitted,
R0226,ec57ccd072ee,Human window (Nov 2024 - Oct 2025),FP_FEATURE?,self-admitted,
R0227,01ab2e3de04b,Human window (Nov 2024 - Oct 2025),FP_FEATURE?,self-admitted,
R0228,5a78965b11cd,AI window (Nov 2025 - Oct 2026),,self-admitted,
R0229,f2ee8cdf5ed7,AI window (Nov 2025 - Oct 2026),,self-admitted,
R0230,bee3de6a7d01,AI window (Nov 2025 - Oct 2026),,self-admitted,
R0231,cc46d1ee4258,AI window (Nov 2025 - Oct 2026),FP_FEATURE?,self-admitted,
R0232,a81faaaa8cb8,AI window (Nov 2025 - Oct 2026),,self-admitted,
R0233,6259edd815e1,AI window (Nov 2025 - Oct 2026),,self-admitted,
R0234,b09add4dc77f,Human window (Nov 2024 - Oct 2025),,self-admitted,
R0235,842057e5ca89,Human window (Nov 2024 - Oct 2025),FP_FEATURE?,self-admitted,
R0236,043fc7a63241,AI window (Nov 2025 - Oct 2026),,self-admitted,
R0237,7a8016c94ae3,AI window (Nov 2025 - Oct 2026),,self-admitted,
R0238,ab1038a26dca,Human window (Nov 2024 - Oct 2025),FP_FEATURE?,self-admitted,
R0239,4dfbbcc5e0ca,AI window (Nov 2025 - Oct 2026),,self-admitted,
R0240,4225b4048e5c,AI window (Nov 2025 - Oct 2026),,self-admitted,
R0241,38c59bd7125a,AI window (Nov 2025 - Oct 2026),,self-admitted,
R0242,908e7adc8341,AI window (Nov 2025 - Oct 2026),,self-admitted,
R0243,8da442ca1d7b,AI window (Nov 2025 - Oct 2026),,self-admitted,
R0244,378be15efd69,AI window (Nov 2025 - Oct 2026),,self-admitted,
R0245,ef46974b6a35,AI window (Nov 2025 - Oct 2026),,self-admitted,
R0246,7ca18710d6fa,Human window (Nov 2024 - Oct 2025),,self-admitted,
R0247,fc3959aec122,AI window (Nov 2025 - Oct 2026),,self-admitted,
R0248,1922c9a75b2f,AI window (Nov 2025 - Oct 2026),,self-admitted,
R0249,fba92876f924,AI window (Nov 2025 - Oct 2026),,self-admitted,
R0250,56ff79d442f0,Human window (Nov 2024 - Oct 2025),,self-admitted,
R0251,4a428eca17e4,AI window (Nov 2025 - Oct 2026),,self-admitted,
R0252,4228d040c098,AI window (Nov 2025 - Oct 2026),,self-admitted,
R0253,4a6d9ffaf814,Human window (Nov 2024 - Oct 2025),,self-admitted,
R0254,f4b1ea74626e,AI window (Nov 2025 - Oct 2026),,self-admitted,
R0255,dfcfebc69d9a,AI window (Nov 2025 - Oct 2026),,self-admitted,
R0256,f863ccb1bed1,AI window (Nov 2025 - Oct 2026),,self-admitted,
R0257,9849a5ec82f7,AI window (Nov 2025 - Oct 2026),,self-admitted,
R0258,92db4f0480e8,AI window (Nov 2025 - Oct 2026),,self-admitted,
R0259,4e996074db6e,AI window (Nov 2025 - Oct 2026),,self-admitted,
R0260,fc1b8e997fdb,AI window (Nov 2025 - Oct 2026),,self-admitted,
R0261,6cc460abc05f,AI window (Nov 2025 - Oct 2026),,self-admitted,
R0262,b475c250b7fe,AI window (Nov 2025 - Oct 2026),,self-admitted,
R0263,62124e0fc961,AI window (Nov 2025 - Oct 2026),,self-admitted,
R0264,98c32ffaf198,AI window (Nov 2025 - Oct 2026),FP_FEATURE?,self-admitted,
R0265,e2a203ebb046,Human window (Nov 2024 - Oct 2025),,self-admitted,
R0266,3c2e35b8cc19,AI window (Nov 2025 - Oct 2026),,self-admitted,
R0267,3e8397a0aa79,AI window (Nov 2025 - Oct 2026),,self-admitted,
R0268,5a719f8a6b07,AI window (Nov 2025 - Oct 2026),,self-admitted,
R0269,c0bb68ae6db8,AI window (Nov 2025 - Oct 2026),,self-admitted,
R0270,50dce05766c6,Human window (Nov 2024 - Oct 2025),,self-admitted,
R0271,d280a68ca683,AI window (Nov 2025 - Oct 2026),FP_NOISE?,self-admitted,
R0272,654edf1f4459,Human window (Nov 2024 - Oct 2025),,self-admitted,
R0273,8ede413ca3e9,AI window (Nov 2025 - Oct 2026),,self-admitted,
R0274,86efc9956e79,AI window (Nov 2025 - Oct 2026),,self-admitted,
R0275,e632ae5e4298,Human window (Nov 2024 - Oct 2025),,self-admitted,
R0276,4a60e484f6ec,AI window (Nov 2025 - Oct 2026),,self-admitted,
R0277,05b826144257,AI window (Nov 2025 - Oct 2026),,self-admitted,
R0278,da9caadf0653,AI window (Nov 2025 - Oct 2026),,self-admitted,
R0279,2236df829de9,AI window (Nov 2025 - Oct 2026),,self-admitted,
R0280,af987a35508b,Human window (Nov 2024 - Oct 2025),,self-admitted,
R0281,e6fec86e66e1,AI window (Nov 2025 - Oct 2026),,self-admitted,
R0282,d1ea46ba6534,AI window (Nov 2025 - Oct 2026),,self-admitted,
R0283,a1fadad8fe90,AI window (Nov 2025 - Oct 2026),,self-admitted,
R0284,5accd9e245f3,AI window (Nov 2025 - Oct 2026),,self-admitted,
R0285,c7fafcd97629,AI window (Nov 2025 - Oct 2026),,self-admitted,
R0286,77413f0a5fc4,AI window (Nov 2025 - Oct 2026),,self-admitted,
R0287,26c46345ece5,AI window (Nov 2025 - Oct 2026),,self-admitted,
R0288,7b54490398bf,AI window (Nov 2025 - Oct 2026),,self-admitted,
R0289,858da9294364,AI window (Nov 2025 - Oct 2026),,self-admitted,
R0290,e782ba253fa2,AI window (Nov 2025 - Oct 2026),,self-admitted,
R0291,06e71f729b8a,AI window (Nov 2025 - Oct 2026),,self-admitted,
R0292,6fbf783ac92f,AI window (Nov 2025 - Oct 2026),,self-admitted,
R0293,0f76fa2f2805,Human window (Nov 2024 - Oct 2025),,self-admitted,
R0294,060bc28042ce,AI window (Nov 2025 - Oct 2026),,self-admitted,
R0295,7d9b80848500,Human window (Nov 2024 - Oct 2025),,self-admitted,
R0296,79e76ee0440c,AI window (Nov 2025 - Oct 2026),,self-admitted,
R0297,f1ba36529eb9,AI window (Nov 2025 - Oct 2026),,self-admitted,
R0298,813e34cdb8c0,AI window (Nov 2025 - Oct 2026),,self-admitted,
R0299,e2022b40bf02,AI window (Nov 2025 - Oct 2026),,self-admitted,
R0300,201a4a6bc640,Human window (Nov 2024 - Oct 2025),,self-admitted,
R0301,298a0ed755eb,AI window (Nov 2025 - Oct 2026),,self-admitted,
R0302,731f2b7f74e2,AI window (Nov 2025 - Oct 2026),,self-admitted,
R0303,200837ed3b75,AI window (Nov 2025 - Oct 2026),,self-admitted,
R0304,3667d27bf287,AI window (Nov 2025 - Oct 2026),,self-admitted,
R0305,b3598a91d07b,Human window (Nov 2024 - Oct 2025),FP_FEATURE?,self-admitted,
R0306,5c5e22905e47,AI window (Nov 2025 - Oct 2026),,self-admitted,
R0307,efe74072c41c,AI window (Nov 2025 - Oct 2026),,self-admitted,
R0308,243725382df0,AI window (Nov 2025 - Oct 2026),,self-admitted,
R0309,6d508c96275b,Human window (Nov 2024 - Oct 2025),,self-admitted,
R0310,a29158464768,Human window (Nov 2024 - Oct 2025),,self-admitted,
R0311,7e409f02294f,AI window (Nov 2025 - Oct 2026),,self-admitted,
R0312,4e330f09d6bb,Human window (Nov 2024 - Oct 2025),FP_FEATURE?,self-admitted,
R0313,9eea1dbf6810,AI window (Nov 2025 - Oct 2026),FP_NOISE?,self-admitted,
R0314,45783d041865,AI window (Nov 2025 - Oct 2026),,self-admitted,
R0315,01d500f3dd6e,Human window (Nov 2024 - Oct 2025),,self-admitted,
R0316,d64f6801e529,AI window (Nov 2025 - Oct 2026),,self-admitted,
R0317,c8da360d5693,AI window (Nov 2025 - Oct 2026),,self-admitted,
R0318,ea5cdb606718,AI window (Nov 2025 - Oct 2026),,self-admitted,
R0319,70d6a3bd18e0,Human window (Nov 2024 - Oct 2025),FP_FEATURE?,self-admitted,
R0320,6fde86fd6daa,Human window (Nov 2024 - Oct 2025),,self-admitted,
R0321,1f7d970145d4,AI window (Nov 2025 - Oct 2026),,self-admitted,
R0322,12ef8b3778c7,AI window (Nov 2025 - Oct 2026),,self-admitted,
R0323,c4a78b6b1e0c,AI window (Nov 2025 - Oct 2026),,self-admitted,
R0324,0357505322b9,AI window (Nov 2025 - Oct 2026),FP_FEATURE?,self-admitted,
R0325,9633cd24c5e0,AI window (Nov 2025 - Oct 2026),,self-admitted,
R0326,458e9a274be3,AI window (Nov 2025 - Oct 2026),,self-admitted,
R0327,c74e6a856675,Human window (Nov 2024 - Oct 2025),,self-admitted,
R0328,23beef12e331,Human window (Nov 2024 - Oct 2025),,self-admitted,
R0329,17cb491762d7,AI window (Nov 2025 - Oct 2026),,self-admitted,
R0330,5d9017e43fd4,AI window (Nov 2025 - Oct 2026),,self-admitted,
R0331,f0e1eae12238,AI window (Nov 2025 - Oct 2026),,self-admitted,
R0332,f9519bc75219,AI window (Nov 2025 - Oct 2026),,self-admitted,
R0333,7db5fb5d7550,AI window (Nov 2025 - Oct 2026),,self-admitted,
R0334,dc6f420d2acf,AI window (Nov 2025 - Oct 2026),,self-admitted,
R0335,21f6d36d8599,AI window (Nov 2025 - Oct 2026),,self-admitted,
R0336,6dd429291434,AI window (Nov 2025 - Oct 2026),,self-admitted,
R0337,3ba9324ab2ad,AI window (Nov 2025 - Oct 2026),,self-admitted,
R0338,56d6a239c5ca,AI window (Nov 2025 - Oct 2026),,self-admitted,
R0339,cb466d598aef,AI window (Nov 2025 - Oct 2026),,self-admitted,
R0340,bda2a76f166a,AI window (Nov 2025 - Oct 2026),,self-admitted,
R0341,3f8b0595951f,AI window (Nov 2025 - Oct 2026),,self-admitted,
R0342,712ddf85d5b4,AI window (Nov 2025 - Oct 2026),,self-admitted,
R0343,e95262ce02f4,AI window (Nov 2025 - Oct 2026),,self-admitted,
R0344,2223a8bee297,AI window (Nov 2025 - Oct 2026),,self-admitted,
R0345,24211cd4e287,AI window (Nov 2025 - Oct 2026),,self-admitted,
R0346,6e34272ad8d8,AI window (Nov 2025 - Oct 2026),,self-admitted,
R0347,f63224e3cb2a,AI window (Nov 2025 - Oct 2026),,self-admitted,
R0348,8c49b3bc1e5b,AI window (Nov 2025 - Oct 2026),,self-admitted,
R0349,46570b8ffe7f,AI window (Nov 2025 - Oct 2026),,self-admitted,
R0350,39d81e0c49e4,AI window (Nov 2025 - Oct 2026),,self-admitted,
R0351,4988438dd985,Human window (Nov 2024 - Oct 2025),,self-admitted,
R0352,de74fecacdbc,AI window (Nov 2025 - Oct 2026),,self-admitted,
R0353,10fa2734349e,AI window (Nov 2025 - Oct 2026),,self-admitted,
R0354,4ba5b519e2af,AI window (Nov 2025 - Oct 2026),,self-admitted,
R0355,ac40d53cdc50,Human window (Nov 2024 - Oct 2025),,self-admitted,
R0356,e58899d7ff2d,AI window (Nov 2025 - Oct 2026),,self-admitted,
R0357,b90923fed7da,AI window (Nov 2025 - Oct 2026),,self-admitted,
R0358,35d54a6bfca6,AI window (Nov 2025 - Oct 2026),,self-admitted,
R0359,43a73a39dcc7,AI window (Nov 2025 - Oct 2026),,self-admitted,
R0360,87cbfa483ff7,Human window (Nov 2024 - Oct 2025),,self-admitted,
R0361,f347c6fbcdc7,AI window (Nov 2025 - Oct 2026),,self-admitted,
R0362,5893595c58d3,AI window (Nov 2025 - Oct 2026),,self-admitted,
R0363,4afd0a907716,Human window (Nov 2024 - Oct 2025),,self-admitted,
R0364,b8c42d52037e,Human window (Nov 2024 - Oct 2025),,self-admitted,
R0365,500f8273695f,AI window (Nov 2025 - Oct 2026),,self-admitted,
R0366,9279e2d6b2a3,Human window (Nov 2024 - Oct 2025),,self-admitted,
R0367,b7646161c508,AI window (Nov 2025 - Oct 2026),,self-admitted,
R0368,1634967ede3c,AI window (Nov 2025 - Oct 2026),,self-admitted,
R0369,92c39fe3484c,Human window (Nov 2024 - Oct 2025),,self-admitted,
R0370,d5d33843fb85,Human window (Nov 2024 - Oct 2025),,self-admitted,
R0371,79000c00ff4f,Human window (Nov 2024 - Oct 2025),,self-admitted,
R0372,aba08e566f8d,AI window (Nov 2025 - Oct 2026),,self-admitted,
R0373,b3155c0786d1,Human window (Nov 2024 - Oct 2025),,self-admitted,
R0374,64db55074637,AI window (Nov 2025 - Oct 2026),,self-admitted,
R0375,72b20d02364e,AI window (Nov 2025 - Oct 2026),,self-admitted,
R0376,2c77b6b8fc7c,AI window (Nov 2025 - Oct 2026),,self-admitted,
R0377,a66d15ee2dd3,AI window (Nov 2025 - Oct 2026),,self-admitted,
R0378,a4f748076f6c,AI window (Nov 2025 - Oct 2026),FP_FEATURE?,self-admitted,
R0379,c8407c33042e,AI window (Nov 2025 - Oct 2026),,self-admitted,
R0380,937fa5578957,AI window (Nov 2025 - Oct 2026),,self-admitted,
R0381,4812e9124ea3,Human window (Nov 2024 - Oct 2025),,self-admitted,
R0382,9cfd3d358c2f,Human window (Nov 2024 - Oct 2025),,self-admitted,
R0383,35701480bc05,AI window (Nov 2025 - Oct 2026),,self-admitted,
R0384,bfad4a7584ff,Human window (Nov 2024 - Oct 2025),,self-admitted,
R0385,a84d16519861,Human window (Nov 2024 - Oct 2025),,self-admitted,
R0386,a0d325bc6fd8,AI window (Nov 2025 - Oct 2026),,self-admitted,
R0387,234b5e46a940,AI window (Nov 2025 - Oct 2026),,self-admitted,
R0388,cb6a88b9bb17,AI window (Nov 2025 - Oct 2026),,self-admitted,
R0389,3f34220f83ef,AI window (Nov 2025 - Oct 2026),,self-admitted,
R0390,c01e03e1bb7a,Human window (Nov 2024 - Oct 2025),,self-admitted,
R0391,8d3ed82c90e6,AI window (Nov 2025 - Oct 2026),,self-admitted,
R0392,fbc7e6b9852d,AI window (Nov 2025 - Oct 2026),,self-admitted,
R0393,8449e3c96d23,Human window (Nov 2024 - Oct 2025),FP_FEATURE?,self-admitted,
R0394,b2fdb8a52755,Human window (Nov 2024 - Oct 2025),FP_FEATURE?,self-admitted,
R0395,41ef28eb5737,Human window (Nov 2024 - Oct 2025),,self-admitted,
R0396,9b1ca10e92b7,AI window (Nov 2025 - Oct 2026),,self-admitted,
R0397,f2da5039f306,AI window (Nov 2025 - Oct 2026),,self-admitted,
R0398,f881f3541bf1,AI window (Nov 2025 - Oct 2026),,self-admitted,
R0399,73c5d174941b,AI window (Nov 2025 - Oct 2026),,self-admitted,
R0400,6c2362da93ec,Human window (Nov 2024 - Oct 2025),,self-admitted,
R0401,0c8ce499bba4,AI window (Nov 2025 - Oct 2026),,self-admitted,
R0402,1e6628313b97,Human window (Nov 2024 - Oct 2025),FP_FEATURE?,self-admitted,
R0403,f1a38aa08e46,AI window (Nov 2025 - Oct 2026),,self-admitted,
R0404,b8c8799827fe,Human window (Nov 2024 - Oct 2025),,self-admitted,
R0405,9f0c299416e9,AI window (Nov 2025 - Oct 2026),,self-admitted,
R0406,94811f67089f,AI window (Nov 2025 - Oct 2026),,self-admitted,
R0407,12e253825393,AI window (Nov 2025 - Oct 2026),FP_FEATURE?,self-admitted,
R0408,5e3d11f0ead2,Human window (Nov 2024 - Oct 2025),,self-admitted,
R0409,1a3f431ba378,AI window (Nov 2025 - Oct 2026),,self-admitted,
R0410,e3caf6318b16,AI window (Nov 2025 - Oct 2026),,self-admitted,
R0411,4cd26a15166f,Human window (Nov 2024 - Oct 2025),,self-admitted,
R0412,9887c45a7ed5,AI window (Nov 2025 - Oct 2026),,self-admitted,
R0413,fbe603630755,AI window (Nov 2025 - Oct 2026),FP_FEATURE?,self-admitted,
R0414,ca7ba42493c3,Human window (Nov 2024 - Oct 2025),,self-admitted,
R0415,99a18410c9f2,Human window (Nov 2024 - Oct 2025),FP_FEATURE?,self-admitted,
R0416,367638bee9e6,AI window (Nov 2025 - Oct 2026),,self-admitted,
R0417,888fe110874f,AI window (Nov 2025 - Oct 2026),,self-admitted,
R0418,69d2f28c9e2c,AI window (Nov 2025 - Oct 2026),,self-admitted,
R0419,ed1ee75a0710,AI window (Nov 2025 - Oct 2026),,self-admitted,
R0420,7fc5cd215d4a,AI window (Nov 2025 - Oct 2026),,self-admitted,
R0421,77b6142c6c32,Human window (Nov 2024 - Oct 2025),FP_FEATURE?,self-admitted,
R0422,168990728040,Human window (Nov 2024 - Oct 2025),,self-admitted,
R0423,2ddbb37fe4c5,AI window (Nov 2025 - Oct 2026),,self-admitted,
R0424,89016729c4ce,Human window (Nov 2024 - Oct 2025),,self-admitted,
R0425,a133fcf462be,AI window (Nov 2025 - Oct 2026),,self-admitted,
R0426,c8d5cf5fef0a,AI window (Nov 2025 - Oct 2026),,self-admitted,
R0427,11c894dcc1a2,AI window (Nov 2025 - Oct 2026),,self-admitted,
R0428,a5bc212f367f,Human window (Nov 2024 - Oct 2025),,self-admitted,
R0429,40c4f63db909,AI window (Nov 2025 - Oct 2026),,self-admitted,
R0430,1e463b405d56,AI window (Nov 2025 - Oct 2026),,self-admitted,
R0431,8eea623d0e9b,AI window (Nov 2025 - Oct 2026),,self-admitted,
R0432,3fc5977ee97d,Human window (Nov 2024 - Oct 2025),,self-admitted,
R0433,300814e10bf6,AI window (Nov 2025 - Oct 2026),,self-admitted,
R0434,f66cf4466af2,Human window (Nov 2024 - Oct 2025),,self-admitted,
R0435,4aaf965b0dcc,Human window (Nov 2024 - Oct 2025),,self-admitted,
R0436,bb4642d55406,AI window (Nov 2025 - Oct 2026),,self-admitted,
R0437,107d4eb7377d,AI window (Nov 2025 - Oct 2026),,self-admitted,
R0438,ae964ddd1f16,AI window (Nov 2025 - Oct 2026),FP_TOOLING?,self-admitted,
R0439,91cd09eeb92a,AI window (Nov 2025 - Oct 2026),,self-admitted,
R0440,91542930a6fa,AI window (Nov 2025 - Oct 2026),FP_FEATURE?,self-admitted,
R0441,cf58fbd5e309,Human window (Nov 2024 - Oct 2025),,self-admitted,
R0442,8d8a0f11a3f5,AI window (Nov 2025 - Oct 2026),,self-admitted,
R0443,16fe2c9f2312,AI window (Nov 2025 - Oct 2026),FP_FEATURE?,self-admitted,
R0444,7e2d7168d252,AI window (Nov 2025 - Oct 2026),FP_FEATURE?,self-admitted,
R0445,8f0210dab760,Human window (Nov 2024 - Oct 2025),,self-admitted,
R0446,3b057900d9a8,AI window (Nov 2025 - Oct 2026),,self-admitted,
R0447,8765c15e32ed,AI window (Nov 2025 - Oct 2026),,self-admitted,
R0448,c52fc635942e,AI window (Nov 2025 - Oct 2026),,self-admitted,
R0449,903b34a1b38b,AI window (Nov 2025 - Oct 2026),,self-admitted,
R0450,235b7ac8c2e9,AI window (Nov 2025 - Oct 2026),,self-admitted,
R0451,f948b1a18e78,AI window (Nov 2025 - Oct 2026),,self-admitted,
R0452,3e32140186bb,Human window (Nov 2024 - Oct 2025),,self-admitted,
R0453,987eeaf2a167,Human window (Nov 2024 - Oct 2025),,self-admitted,
R0454,fee2666de2ca,AI window (Nov 2025 - Oct 2026),,self-admitted,
R0455,4f4e73fda1d2,Human window (Nov 2024 - Oct 2025),,self-admitted,
R0456,20828199269d,AI window (Nov 2025 - Oct 2026),,self-admitted,
R0457,66ccfe7475c3,AI window (Nov 2025 - Oct 2026),,self-admitted,
R0458,651bdd6b72e0,AI window (Nov 2025 - Oct 2026),FP_FEATURE?,self-admitted,
R0459,a7fd05236f35,AI window (Nov 2025 - Oct 2026),,self-admitted,
R0460,56aebd672800,Human window (Nov 2024 - Oct 2025),,self-admitted,
R0461,0ac25d6de278,AI window (Nov 2025 - Oct 2026),,self-admitted,
R0462,e8d78b28ba67,AI window (Nov 2025 - Oct 2026),,self-admitted,
R0463,e8310185dc16,AI window (Nov 2025 - Oct 2026),,self-admitted,
R0464,3c14ee2dcec1,AI window (Nov 2025 - Oct 2026),,self-admitted,
R0465,73e6f6587bdc,AI window (Nov 2025 - Oct 2026),,self-admitted,
R0466,7fa148a77f17,AI window (Nov 2025 - Oct 2026),FP_NOISE?,self-admitted,
R0467,6285e5d4535e,AI window (Nov 2025 - Oct 2026),,self-admitted,
R0468,059e7f1a749f,Human window (Nov 2024 - Oct 2025),,self-admitted,
R0469,22784c78320a,Human window (Nov 2024 - Oct 2025),,self-admitted,
R0470,423a0aafd4f2,AI window (Nov 2025 - Oct 2026),,self-admitted,
R0471,83884a26b287,Human window (Nov 2024 - Oct 2025),,self-admitted,
R0472,265b3321626e,Human window (Nov 2024 - Oct 2025),,self-admitted,
R0473,9313de56245d,AI window (Nov 2025 - Oct 2026),,self-admitted,
R0474,7af176bdec88,AI window (Nov 2025 - Oct 2026),,self-admitted,
R0475,9f363abaef7c,AI window (Nov 2025 - Oct 2026),,self-admitted,
R0476,f4d7d008da34,AI window (Nov 2025 - Oct 2026),,self-admitted,
R0477,c11ee8648521,Human window (Nov 2024 - Oct 2025),FP_FEATURE?,self-admitted,
R0478,d6b3b89c7fda,Human window (Nov 2024 - Oct 2025),,self-admitted,
R0479,8c79875a596a,AI window (Nov 2025 - Oct 2026),,self-admitted,
R0480,5fabb0624188,Human window (Nov 2024 - Oct 2025),,self-admitted,
R0481,534b935587e1,Human window (Nov 2024 - Oct 2025),,self-admitted,
R0482,6654a60cc798,Human window (Nov 2024 - Oct 2025),,self-admitted,
R0483,9e2a403cb26f,AI window (Nov 2025 - Oct 2026),,self-admitted,
R0484,3eb4570e2b06,AI window (Nov 2025 - Oct 2026),,self-admitted,
R0485,2593b1bad3a1,AI window (Nov 2025 - Oct 2026),,self-admitted,
R0486,f6fb93ca3422,AI window (Nov 2025 - Oct 2026),,self-admitted,
R0487,9c5be039df4c,Human window (Nov 2024 - Oct 2025),,self-admitted,
R0488,f49e44a6db6e,AI window (Nov 2025 - Oct 2026),,self-admitted,
R0489,97d317e8f6fe,AI window (Nov 2025 - Oct 2026),,self-admitted,
R0490,a8d061235f78,AI window (Nov 2025 - Oct 2026),FP_FEATURE?,self-admitted,
R0491,7b7e729137ac,Human window (Nov 2024 - Oct 2025),,self-admitted,
R0492,42ab4a517815,Human window (Nov 2024 - Oct 2025),,self-admitted,
R0493,592619e3a8e6,AI window (Nov 2025 - Oct 2026),,self-admitted,
R0494,f66bde0e1c2d,Human window (Nov 2024 - Oct 2025),,self-admitted,
R0495,33e8919bd922,AI window (Nov 2025 - Oct 2026),,self-admitted,
R0496,94728b2e9c8e,Human window (Nov 2024 - Oct 2025),,self-admitted,
R0497,3fb95f801151,Human window (Nov 2024 - Oct 2025),,self-admitted,
R0498,c217cb7dc1df,AI window (Nov 2025 - Oct 2026),,self-admitted,
R0499,2aa0fcafa4f4,AI window (Nov 2025 - Oct 2026),,self-admitted,
R0500,085c732a5ca2,Human window (Nov 2024 - Oct 2025),,self-admitted,
R0501,2a213addff3a,AI window (Nov 2025 - Oct 2026),,self-admitted,
R0502,c33f976fda3e,AI window (Nov 2025 - Oct 2026),,self-admitted,
R0503,728db9d289fb,Human window (Nov 2024 - Oct 2025),,self-admitted,
R0504,b3c10dd99e68,AI window (Nov 2025 - Oct 2026),,self-admitted,
R0505,ab86eb5ceef4,AI window (Nov 2025 - Oct 2026),,self-admitted,
R0506,fca3104d606f,AI window (Nov 2025 - Oct 2026),,self-admitted,
R0507,91e045164f75,AI window (Nov 2025 - Oct 2026),,self-admitted,
R0508,33e5fa9366e6,AI window (Nov 2025 - Oct 2026),FP_FEATURE?,self-admitted,
R0509,45376b1c54ed,AI window (Nov 2025 - Oct 2026),,self-admitted,
R0510,20e026b2ace9,AI window (Nov 2025 - Oct 2026),,self-admitted,
R0511,bab7f36d0fac,Human window (Nov 2024 - Oct 2025),,self-admitted,
R0512,1a7ff6ffac4b,AI window (Nov 2025 - Oct 2026),FP_FEATURE?,self-admitted,
R0513,8b8c0c1b0ecf,Human window (Nov 2024 - Oct 2025),,self-admitted,
R0514,3552f7a1b0d5,AI window (Nov 2025 - Oct 2026),,self-admitted,
R0515,4f20c899bb07,Human window (Nov 2024 - Oct 2025),,self-admitted,
R0516,1961d663da0c,AI window (Nov 2025 - Oct 2026),,self-admitted,
R0517,371f212492e1,AI window (Nov 2025 - Oct 2026),,self-admitted,
R0518,e95565ec70c4,AI window (Nov 2025 - Oct 2026),,self-admitted,
R0519,56d6f65b5e26,Human window (Nov 2024 - Oct 2025),,self-admitted,
R0520,7eed621ff220,Human window (Nov 2024 - Oct 2025),,self-admitted,
R0521,8e9905173118,AI window (Nov 2025 - Oct 2026),,self-admitted,
R0522,fafb4a4ac824,AI window (Nov 2025 - Oct 2026),,self-admitted,
R0523,f158cf08b8cf,AI window (Nov 2025 - Oct 2026),,self-admitted,
R0524,522b75b466be,AI window (Nov 2025 - Oct 2026),,self-admitted,
R0525,4468faeab536,AI window (Nov 2025 - Oct 2026),FP_FEATURE?,self-admitted,
R0526,7a4b0fe1b1b5,AI window (Nov 2025 - Oct 2026),,self-admitted,
R0527,7d671431bed1,AI window (Nov 2025 - Oct 2026),,self-admitted,
R0528,7123840e6366,AI window (Nov 2025 - Oct 2026),,self-admitted,
R0529,82ddfc1a95bb,AI window (Nov 2025 - Oct 2026),,self-admitted,
R0530,56dac6a4288f,AI window (Nov 2025 - Oct 2026),,self-admitted,
R0531,45a87d2e0b70,AI window (Nov 2025 - Oct 2026),,self-admitted,
R0532,d3b5b2597746,AI window (Nov 2025 - Oct 2026),,self-admitted,
R0533,e74b012076f2,AI window (Nov 2025 - Oct 2026),,self-admitted,
R0534,d7ebffad440d,AI window (Nov 2025 - Oct 2026),,self-admitted,
R0535,86c8530595d3,AI window (Nov 2025 - Oct 2026),,self-admitted,
R0536,255db864eb17,AI window (Nov 2025 - Oct 2026),,self-admitted,
R0537,5acbdbc4184c,AI window (Nov 2025 - Oct 2026),,self-admitted,
R0538,c780e7a6b125,AI window (Nov 2025 - Oct 2026),,self-admitted,
R0539,30f768a17461,AI window (Nov 2025 - Oct 2026),,self-admitted,
R0540,198b222c1219,AI window (Nov 2025 - Oct 2026),,self-admitted,
R0541,1d622929a475,AI window (Nov 2025 - Oct 2026),,self-admitted,
R0542,725e64c6c936,Human window (Nov 2024 - Oct 2025),,self-admitted,
R0543,5f0b9a0479ef,AI window (Nov 2025 - Oct 2026),,self-admitted,
R0544,e61172bc5ec5,AI window (Nov 2025 - Oct 2026),,self-admitted,
R0545,2d9df19cc3c1,Human window (Nov 2024 - Oct 2025),,self-admitted,
R0546,996ee103c983,AI window (Nov 2025 - Oct 2026),,self-admitted,
R0547,cd5d073029f8,AI window (Nov 2025 - Oct 2026),,self-admitted,
R0548,65d20bd92fcd,AI window (Nov 2025 - Oct 2026),,self-admitted,
R0549,0055758730db,AI window (Nov 2025 - Oct 2026),,self-admitted,
R0550,645c25302753,AI window (Nov 2025 - Oct 2026),,self-admitted,
R0551,e621abd51a5f,Human window (Nov 2024 - Oct 2025),,self-admitted,
R0552,692a6190da0f,Human window (Nov 2024 - Oct 2025),,self-admitted,
R0553,18d46804696c,Human window (Nov 2024 - Oct 2025),,self-admitted,
R0554,45bd6451cfec,AI window (Nov 2025 - Oct 2026),,self-admitted,
R0555,2a94b7b412f4,AI window (Nov 2025 - Oct 2026),,self-admitted,
R0556,d31e3e11ae23,Human window (Nov 2024 - Oct 2025),,self-admitted,
R0557,e76c830b20ac,AI window (Nov 2025 - Oct 2026),,self-admitted,
R0558,bb544297d5d2,Human window (Nov 2024 - Oct 2025),,self-admitted,
R0559,9bdab2bee77d,Human window (Nov 2024 - Oct 2025),,self-admitted,
R0560,7ac9ccfd4930,AI window (Nov 2025 - Oct 2026),,self-admitted,
R0561,b064766129b8,AI window (Nov 2025 - Oct 2026),,self-admitted,
R0562,b1e21d5b271b,Human window (Nov 2024 - Oct 2025),,self-admitted,
R0563,bdf960a4ea81,AI window (Nov 2025 - Oct 2026),,self-admitted,
R0564,cfd16e7c130c,Human window (Nov 2024 - Oct 2025),,self-admitted,
R0565,87040d65dc20,Human window (Nov 2024 - Oct 2025),,self-admitted,
R0566,cdebec5f1e63,Human window (Nov 2024 - Oct 2025),,self-admitted,
R0567,4208efdf23bd,Human window (Nov 2024 - Oct 2025),FP_FEATURE?,self-admitted,
R0568,940a63265790,Human window (Nov 2024 - Oct 2025),FP_FEATURE?,self-admitted,
R0569,ed97434cf986,Human window (Nov 2024 - Oct 2025),,self-admitted,
R0570,d9a76c0abc66,AI window (Nov 2025 - Oct 2026),,self-admitted,
R0571,68cbdbcf72b8,Human window (Nov 2024 - Oct 2025),,self-admitted,
R0572,6af1ede335ea,AI window (Nov 2025 - Oct 2026),,self-admitted,
R0573,3f60bf8c6109,AI window (Nov 2025 - Oct 2026),,self-admitted,
R0574,1492a6b91ea0,AI window (Nov 2025 - Oct 2026),,self-admitted,
R0575,63e816e0c55e,AI window (Nov 2025 - Oct 2026),,self-admitted,
R0576,8c38c4c093d5,Human window (Nov 2024 - Oct 2025),,self-admitted,
R0577,dd038cf45d3b,Human window (Nov 2024 - Oct 2025),,self-admitted,
R0578,aa54456613f0,AI window (Nov 2025 - Oct 2026),,self-admitted,
R0579,47f92726bb0c,Human window (Nov 2024 - Oct 2025),FP_FEATURE?,self-admitted,
R0580,7651b80adceb,AI window (Nov 2025 - Oct 2026),,self-admitted,
R0581,76b3a7af9442,AI window (Nov 2025 - Oct 2026),,self-admitted,
R0582,664775850ccd,Human window (Nov 2024 - Oct 2025),,self-admitted,
R0583,11343e42e463,AI window (Nov 2025 - Oct 2026),,self-admitted,
R0584,7a027fd82506,Human window (Nov 2024 - Oct 2025),FP_FEATURE?,self-admitted,
R0585,27bccee9ae31,Human window (Nov 2024 - Oct 2025),,self-admitted,
R0586,66ee19892aab,Human window (Nov 2024 - Oct 2025),,self-admitted,
R0587,ef4f6e06d630,AI window (Nov 2025 - Oct 2026),,self-admitted,
R0588,de74fa751f83,AI window (Nov 2025 - Oct 2026),,self-admitted,
R0589,986c1b9cc21e,Human window (Nov 2024 - Oct 2025),,self-admitted,
R0590,2861287f6dc1,AI window (Nov 2025 - Oct 2026),,self-admitted,
R0591,0ce894ada67d,AI window (Nov 2025 - Oct 2026),,self-admitted,
R0592,bf9b7e34e3a5,AI window (Nov 2025 - Oct 2026),,self-admitted,
R0593,b328047edd54,AI window (Nov 2025 - Oct 2026),,self-admitted,
R0594,cbebf91f76a0,AI window (Nov 2025 - Oct 2026),,self-admitted,
R0595,255236e4a965,Human window (Nov 2024 - Oct 2025),,self-admitted,
R0596,ac621d930ca4,Human window (Nov 2024 - Oct 2025),,self-admitted,
R0597,95a75791cb02,Human window (Nov 2024 - Oct 2025),FP_FEATURE?,self-admitted,
R0598,39c6a0746e27,Human window (Nov 2024 - Oct 2025),,self-admitted,
R0599,8f0ec830cee2,Human window (Nov 2024 - Oct 2025),,self-admitted,
R0600,fa5bbfd5adef,AI window (Nov 2025 - Oct 2026),,self-admitted,
R0601,7abe0b0a9ca8,Human window (Nov 2024 - Oct 2025),,self-admitted,
R0602,feede7eb949b,AI window (Nov 2025 - Oct 2026),,self-admitted,
R0603,be53ebfa85a5,Human window (Nov 2024 - Oct 2025),,self-admitted,
R0604,0411cfd871ea,AI window (Nov 2025 - Oct 2026),,self-admitted,
R0605,b80f6299e99f,AI window (Nov 2025 - Oct 2026),,self-admitted,
R0606,90b1fc74b69e,AI window (Nov 2025 - Oct 2026),,self-admitted,
R0607,1b2fe083806f,Human window (Nov 2024 - Oct 2025),,self-admitted,
R0608,7a62bd35b750,Human window (Nov 2024 - Oct 2025),,self-admitted,
R0609,759120147a45,AI window (Nov 2025 - Oct 2026),,self-admitted,
R0610,0520d786438a,AI window (Nov 2025 - Oct 2026),,self-admitted,
R0611,694a588ca51b,Human window (Nov 2024 - Oct 2025),FP_FEATURE?,self-admitted,
R0612,d97c693d3e02,Human window (Nov 2024 - Oct 2025),FP_FEATURE?,self-admitted,
R0613,6701e801bdaf,AI window (Nov 2025 - Oct 2026),,self-admitted,
R0614,cb43b89b4766,AI window (Nov 2025 - Oct 2026),,self-admitted,
R0615,aef2d149f8ae,AI window (Nov 2025 - Oct 2026),,self-admitted,
R0616,5cf6d919f542,AI window (Nov 2025 - Oct 2026),,self-admitted,
R0617,c3e313567774,AI window (Nov 2025 - Oct 2026),,self-admitted,
R0618,701d0551aae8,AI window (Nov 2025 - Oct 2026),,self-admitted,
R0619,5c406a73413d,AI window (Nov 2025 - Oct 2026),,self-admitted,
R0620,f54b9d217c9a,AI window (Nov 2025 - Oct 2026),FP_FEATURE?,self-admitted,
R0621,5c272170c589,Human window (Nov 2024 - Oct 2025),FP_FEATURE?,self-admitted,
R0622,2382afa2aae4,AI window (Nov 2025 - Oct 2026),FP_FEATURE?,self-admitted,
R0623,aa6f4486c306,Human window (Nov 2024 - Oct 2025),,self-admitted,
R0624,fa9c5cdb882a,Human window (Nov 2024 - Oct 2025),,self-admitted,
R0625,9e20cf6a61f7,AI window (Nov 2025 - Oct 2026),,self-admitted,
R0626,d7435c3ede7e,AI window (Nov 2025 - Oct 2026),,self-admitted,
R0627,a358f48a49a4,AI window (Nov 2025 - Oct 2026),,self-admitted,
R0628,83d6b558af06,AI window (Nov 2025 - Oct 2026),,self-admitted,
R0629,81a7c3be3989,AI window (Nov 2025 - Oct 2026),,self-admitted,
R0630,051c6afac5df,AI window (Nov 2025 - Oct 2026),,self-admitted,
R0631,c785e028f9a3,AI window (Nov 2025 - Oct 2026),,self-admitted,
R0632,1358572ccf43,Human window (Nov 2024 - Oct 2025),,self-admitted,
R0633,1e55e9bf9b0e,AI window (Nov 2025 - Oct 2026),,self-admitted,
R0634,4c73fb89461e,Human window (Nov 2024 - Oct 2025),,self-admitted,
R0635,a440136b1d9e,AI window (Nov 2025 - Oct 2026),,self-admitted,
R0636,799d98e49058,Human window (Nov 2024 - Oct 2025),,self-admitted,
R0637,724f35cae80c,AI window (Nov 2025 - Oct 2026),,self-admitted,
R0638,eee3e29394ea,AI window (Nov 2025 - Oct 2026),,self-admitted,
R0639,f26c159d46dd,Human window (Nov 2024 - Oct 2025),,self-admitted,
R0640,a0628c9eff8f,AI window (Nov 2025 - Oct 2026),,self-admitted,
R0641,67e6b33c2a67,Human window (Nov 2024 - Oct 2025),,self-admitted,
R0642,dfa76c37cbcf,AI window (Nov 2025 - Oct 2026),FP_FEATURE?,self-admitted,
R0643,d24c9d9ff470,Human window (Nov 2024 - Oct 2025),FP_NOISE?,self-admitted,
R0644,278d30f4e01a,AI window (Nov 2025 - Oct 2026),,self-admitted,
R0645,996275da9f88,AI window (Nov 2025 - Oct 2026),,self-admitted,
R0646,f472e3c39b78,AI window (Nov 2025 - Oct 2026),,self-admitted,
R0647,39a8a4171bb2,AI window (Nov 2025 - Oct 2026),,self-admitted,
R0648,2d3f535a6fa4,AI window (Nov 2025 - Oct 2026),,self-admitted,
R0649,c5f9c61be952,Human window (Nov 2024 - Oct 2025),,self-admitted,
R0650,602d222604be,AI window (Nov 2025 - Oct 2026),,self-admitted,
R0651,27aa1ab66acb,Human window (Nov 2024 - Oct 2025),,self-admitted,
R0652,6188625264ed,Human window (Nov 2024 - Oct 2025),FP_FEATURE?,self-admitted,
R0653,b9ddc0ae9da7,AI window (Nov 2025 - Oct 2026),,self-admitted,
R0654,1aaa5d0931b0,AI window (Nov 2025 - Oct 2026),,self-admitted,
R0655,56d28df507ce,AI window (Nov 2025 - Oct 2026),,self-admitted,
R0656,12709323e849,AI window (Nov 2025 - Oct 2026),,self-admitted,
R0657,67eed6ab8ba9,Human window (Nov 2024 - Oct 2025),FP_FEATURE?,self-admitted,
R0658,7f47ed1b7d4e,AI window (Nov 2025 - Oct 2026),FP_NOISE?,self-admitted,
R0659,ba7298d7562e,Human window (Nov 2024 - Oct 2025),,self-admitted,
R0660,36d6b688ae42,AI window (Nov 2025 - Oct 2026),,self-admitted,
R0661,4b7954bb5f2d,AI window (Nov 2025 - Oct 2026),,self-admitted,
R0662,0974467706f2,Human window (Nov 2024 - Oct 2025),FP_FEATURE?,self-admitted,
R0663,f3e71c70815b,AI window (Nov 2025 - Oct 2026),,self-admitted,
R0664,06dbb2032567,Human window (Nov 2024 - Oct 2025),,self-admitted,
R0665,6c31aafac736,AI window (Nov 2025 - Oct 2026),,self-admitted,
R0666,b8e5807722cc,Human window (Nov 2024 - Oct 2025),FP_FEATURE?,self-admitted,
R0667,23ac933ec4f9,AI window (Nov 2025 - Oct 2026),,self-admitted,
R0668,2d2a56dd5551,AI window (Nov 2025 - Oct 2026),,self-admitted,
R0669,e20969077572,AI window (Nov 2025 - Oct 2026),,self-admitted,
R0670,d53792658299,Human window (Nov 2024 - Oct 2025),,self-admitted,
R0671,6aafcff5a112,AI window (Nov 2025 - Oct 2026),,self-admitted,
R0672,05deca67778c,AI window (Nov 2025 - Oct 2026),,self-admitted,
R0673,ea6759b6685f,Human window (Nov 2024 - Oct 2025),,self-admitted,
R0674,a5939c7f9361,AI window (Nov 2025 - Oct 2026),,self-admitted,
R0675,a76e6393486a,AI window (Nov 2025 - Oct 2026),,self-admitted,
R0676,551d2a9b2283,Human window (Nov 2024 - Oct 2025),FP_FEATURE?,self-admitted,
R0677,1c763198a67e,AI window (Nov 2025 - Oct 2026),,self-admitted,
R0678,81ee9d2ca84f,AI window (Nov 2025 - Oct 2026),,self-admitted,
R0679,a75a3146d780,AI window (Nov 2025 - Oct 2026),,self-admitted,
R0680,0ff21613db3d,AI window (Nov 2025 - Oct 2026),,self-admitted,
R0681,856a9a8d13f8,AI window (Nov 2025 - Oct 2026),,self-admitted,
R0682,9f4272c1afff,AI window (Nov 2025 - Oct 2026),,self-admitted,
R0683,b9dff08c48b5,Human window (Nov 2024 - Oct 2025),,self-admitted,
R0684,606b3d18374f,Human window (Nov 2024 - Oct 2025),,self-admitted,
R0685,b0b7d6863a5d,Human window (Nov 2024 - Oct 2025),FP_NOISE?,self-admitted,
R0686,270bef847c5f,AI window (Nov 2025 - Oct 2026),,self-admitted,
R0687,71a5a983d142,Human window (Nov 2024 - Oct 2025),,self-admitted,
R0688,03f53058089d,AI window (Nov 2025 - Oct 2026),,self-admitted,
R0689,b9c3e085ff5b,AI window (Nov 2025 - Oct 2026),,self-admitted,
R0690,c1cd12d6435b,Human window (Nov 2024 - Oct 2025),,self-admitted,
R0691,0b78d1c505c4,AI window (Nov 2025 - Oct 2026),FP_FEATURE?,self-admitted,
R0692,604a88d68b2b,AI window (Nov 2025 - Oct 2026),,self-admitted,
R0693,9cdcbfc7d686,AI window (Nov 2025 - Oct 2026),,self-admitted,
R0694,d4b3d668507e,AI window (Nov 2025 - Oct 2026),FP_FEATURE?,self-admitted,
R0695,878b51d89912,Human window (Nov 2024 - Oct 2025),,self-admitted,
R0696,2ad4e9694743,AI window (Nov 2025 - Oct 2026),,self-admitted,
R0697,1a15dddae70f,AI window (Nov 2025 - Oct 2026),FP_FEATURE?,self-admitted,
R0698,21173d07c31e,Human window (Nov 2024 - Oct 2025),FP_FEATURE?,self-admitted,
R0699,31de2a388f0a,Human window (Nov 2024 - Oct 2025),,self-admitted,
R0700,fe476a04868c,AI window (Nov 2025 - Oct 2026),FP_FEATURE?,self-admitted,
R0701,8ef9be129b6d,AI window (Nov 2025 - Oct 2026),,self-admitted,
R0702,b2c2a7865309,AI window (Nov 2025 - Oct 2026),,self-admitted,
R0703,744fd55cbfb8,AI window (Nov 2025 - Oct 2026),,self-admitted,
R0704,05a14649d2b2,AI window (Nov 2025 - Oct 2026),,self-admitted,
R0705,a3e21cfa634f,AI window (Nov 2025 - Oct 2026),,self-admitted,
R0706,37b3e86d96e1,AI window (Nov 2025 - Oct 2026),,self-admitted,
R0707,1a134015e8ae,AI window (Nov 2025 - Oct 2026),,self-admitted,
R0708,020950975934,AI window (Nov 2025 - Oct 2026),,self-admitted,
R0709,2e4c39967741,AI window (Nov 2025 - Oct 2026),,self-admitted,
R0710,0ac349804b41,Human window (Nov 2024 - Oct 2025),,self-admitted,
R0711,5f2a30414ef3,AI window (Nov 2025 - Oct 2026),,self-admitted,
R0712,0d4257ea2890,AI window (Nov 2025 - Oct 2026),FP_FEATURE?,self-admitted,
R0713,7d4b3b51d23c,AI window (Nov 2025 - Oct 2026),,self-admitted,
R0714,2f603b6be05c,AI window (Nov 2025 - Oct 2026),,self-admitted,
R0715,23704b143430,AI window (Nov 2025 - Oct 2026),,self-admitted,
R0716,941a0a4a24bf,AI window (Nov 2025 - Oct 2026),,self-admitted,
R0717,2051b88224e8,AI window (Nov 2025 - Oct 2026),,self-admitted,
R0718,ca1bb6140a86,AI window (Nov 2025 - Oct 2026),,self-admitted,
R0719,15753579070b,AI window (Nov 2025 - Oct 2026),,self-admitted,
R0720,bbcc7547a31c,AI window (Nov 2025 - Oct 2026),,self-admitted,
R0721,8a3a6fe4c524,AI window (Nov 2025 - Oct 2026),,self-admitted,
R0722,dbc850b10f14,AI window (Nov 2025 - Oct 2026),,self-admitted,
R0723,19d15373f88a,AI window (Nov 2025 - Oct 2026),,self-admitted,
R0724,8ac9b654258d,AI window (Nov 2025 - Oct 2026),,self-admitted,
R0725,6be5ec2fff81,AI window (Nov 2025 - Oct 2026),,self-admitted,
R0726,9f49e969e0b6,Human window (Nov 2024 - Oct 2025),,self-admitted,
R0727,14091f66252a,AI window (Nov 2025 - Oct 2026),,self-admitted,
R0728,075f3df7ba6a,AI window (Nov 2025 - Oct 2026),,self-admitted,
R0729,d56ae5e4bdfe,Human window (Nov 2024 - Oct 2025),,self-admitted,
R0730,81d9d32e8b45,AI window (Nov 2025 - Oct 2026),,self-admitted,
R0731,b03a810429bd,Human window (Nov 2024 - Oct 2025),,self-admitted,
R0732,3aeaba20ad83,AI window (Nov 2025 - Oct 2026),,self-admitted,
R0733,1799a1ec61ca,AI window (Nov 2025 - Oct 2026),FP_FEATURE?,self-admitted,
R0734,1ff65b56f012,Human window (Nov 2024 - Oct 2025),FP_FEATURE?,self-admitted,
R0735,fdebe04602b2,AI window (Nov 2025 - Oct 2026),,self-admitted,
R0736,81a7bff94586,AI window (Nov 2025 - Oct 2026),,self-admitted,
R0737,086ad736289f,AI window (Nov 2025 - Oct 2026),,self-admitted,
R0738,44c23dac1972,AI window (Nov 2025 - Oct 2026),,self-admitted,
R0739,4cee3c30ce5e,AI window (Nov 2025 - Oct 2026),,self-admitted,
R0740,f20aacedf006,AI window (Nov 2025 - Oct 2026),,self-admitted,
R0741,373a02fc6f5f,Human window (Nov 2024 - Oct 2025),,self-admitted,
R0742,13886646de6f,AI window (Nov 2025 - Oct 2026),,self-admitted,
R0743,c408e33bc4be,Human window (Nov 2024 - Oct 2025),FP_FEATURE?,self-admitted,
R0744,b36d77b3fadd,AI window (Nov 2025 - Oct 2026),,self-admitted,
R0745,5618e7bf9d41,AI window (Nov 2025 - Oct 2026),,self-admitted,
R0746,f8299ebb050c,AI window (Nov 2025 - Oct 2026),,self-admitted,
R0747,f0f193c3eba3,AI window (Nov 2025 - Oct 2026),,self-admitted,
R0748,de86c9876a0c,AI window (Nov 2025 - Oct 2026),,self-admitted,
R0749,f932ea2e894f,AI window (Nov 2025 - Oct 2026),,self-admitted,
R0750,822bc4bf816f,AI window (Nov 2025 - Oct 2026),,self-admitted,
R0751,8099bbfd7be9,Human window (Nov 2024 - Oct 2025),,self-admitted,
R0752,186a3b9047b2,AI window (Nov 2025 - Oct 2026),,self-admitted,
R0753,8993dcf36b38,AI window (Nov 2025 - Oct 2026),,self-admitted,
R0754,aeb36f1750c0,Human window (Nov 2024 - Oct 2025),,self-admitted,
R0755,6d489cb88597,AI window (Nov 2025 - Oct 2026),,self-admitted,
R0756,c040d15e2851,AI window (Nov 2025 - Oct 2026),,self-admitted,
R0757,ce57b1689260,Human window (Nov 2024 - Oct 2025),,self-admitted,
R0758,00cdf3a94603,Human window (Nov 2024 - Oct 2025),,self-admitted,
R0759,2a341f88f0d7,AI window (Nov 2025 - Oct 2026),,self-admitted,
R0760,b543f9694e0a,Human window (Nov 2024 - Oct 2025),,self-admitted,
R0761,d201dbe26c6d,AI window (Nov 2025 - Oct 2026),,self-admitted,
R0762,8e24ac8fea44,AI window (Nov 2025 - Oct 2026),,self-admitted,
R0763,672ba0896ced,Human window (Nov 2024 - Oct 2025),,self-admitted,
R0764,5728aae19dc3,AI window (Nov 2025 - Oct 2026),,self-admitted,
R0765,08192d483cb6,AI window (Nov 2025 - Oct 2026),,self-admitted,
R0766,1a4fb71e2cd4,Human window (Nov 2024 - Oct 2025),,self-admitted,
R0767,076fd61950bf,Human window (Nov 2024 - Oct 2025),,self-admitted,
R0768,af3c77e22f88,AI window (Nov 2025 - Oct 2026),FP_FEATURE?,self-admitted,
R0769,2ef74fa3dfb8,AI window (Nov 2025 - Oct 2026),FP_FEATURE?,self-admitted,
R0770,254ede0df2e7,AI window (Nov 2025 - Oct 2026),,self-admitted,
R0771,a7c2899fb724,AI window (Nov 2025 - Oct 2026),,self-admitted,
R0772,888a35214781,AI window (Nov 2025 - Oct 2026),,self-admitted,
R0773,c1c715edb5f9,AI window (Nov 2025 - Oct 2026),,self-admitted,
R0774,aed9350343eb,AI window (Nov 2025 - Oct 2026),,self-admitted,
R0775,5b0ea7b2c7c0,AI window (Nov 2025 - Oct 2026),,self-admitted,
R0776,25be877347b6,AI window (Nov 2025 - Oct 2026),FP_FEATURE?,self-admitted,
R0777,0e1e88227a25,AI window (Nov 2025 - Oct 2026),,self-admitted,
R0778,ef4018694508,Human window (Nov 2024 - Oct 2025),,self-admitted,
R0779,c2c9f016858e,Human window (Nov 2024 - Oct 2025),,self-admitted,
R0780,ce64b839f7ea,AI window (Nov 2025 - Oct 2026),,self-admitted,
R0781,a9de61ec60b5,AI window (Nov 2025 - Oct 2026),,self-admitted,
R0782,f464aed28371,AI window (Nov 2025 - Oct 2026),,self-admitted,
R0783,bb450e88c955,AI window (Nov 2025 - Oct 2026),,self-admitted,
R0784,03867550b747,AI window (Nov 2025 - Oct 2026),,self-admitted,
R0785,caf275708ea6,Human window (Nov 2024 - Oct 2025),,self-admitted,
R0786,9017704293aa,AI window (Nov 2025 - Oct 2026),FP_NOISE?,self-admitted,
R0787,e1dc6c205d6d,AI window (Nov 2025 - Oct 2026),,self-admitted,
R0788,c769e5f04e18,AI window (Nov 2025 - Oct 2026),FP_FEATURE?,self-admitted,
R0789,b4fcdba37db7,Human window (Nov 2024 - Oct 2025),FP_FEATURE?,self-admitted,
R0790,3ae58750246a,AI window (Nov 2025 - Oct 2026),,self-admitted,
R0791,b07bdfc8364b,AI window (Nov 2025 - Oct 2026),,self-admitted,
R0792,11c3a545284a,Human window (Nov 2024 - Oct 2025),,self-admitted,
R0793,3431bc5e7957,Human window (Nov 2024 - Oct 2025),,self-admitted,
R0794,4b4988f16dea,Human window (Nov 2024 - Oct 2025),,self-admitted,
R0795,2a9922440c4c,Human window (Nov 2024 - Oct 2025),,self-admitted,
R0796,e3c611d75196,AI window (Nov 2025 - Oct 2026),,self-admitted,
R0797,97024b4336d2,AI window (Nov 2025 - Oct 2026),,self-admitted,
R0798,7d21342ce9b0,AI window (Nov 2025 - Oct 2026),,self-admitted,
R0799,4b677f57e9ae,Human window (Nov 2024 - Oct 2025),,self-admitted,
